{"entity_type":"minecraft:vindicator","entity_data":{"min":0.95,"max":1.05,"median":1.0,"distribution_type":0,"scaleByBreeding":true,"scaleTruncationCoefficent":1.01,"useDifferentScalingValuesForEachAttribute":true,"useRealisticScalingValuesForEachAttribute":true,"invertRealisticScalingValuesForEachAttribute":false,"scale_Override":{"isModified":false,"doOverride":false,"min":0.95,"max":1.05,"median":1.0,"distribution_type":0},"attack_Damage_Overrides":{"isModified":false,"doOverride":false,"min":0.95,"max":1.05,"median":1.0,"distribution_type":0},"attack_Knockback_Overrides":{"isModified":false,"doOverride":false,"min":0.95,"max":1.05,"median":1.0,"distribution_type":0},"attack_speed_Overrides":{"isModified":false,"doOverride":false,"min":0.95,"max":1.05,"median":1.0,"distribution_type":0},"defense_Overrides":{"isModified":false,"doOverride":false,"min":0.95,"max":1.05,"median":1.0,"distribution_type":0},"speed_Overrides":{"isModified":false,"doOverride":false,"min":0.95,"max":1.05,"median":1.0,"distribution_type":0},"jump_Overrides":{"isModified":false,"doOverride":false,"min":0.95,"max":1.05,"median":1.0,"distribution_type":0},"health_Overrides":{"isModified":false,"doOverride":false,"min":0.95,"max":1.05,"median":1.0,"distribution_type":0},"dimensional_variant_overrides":{},"biome_variant_overrides":{},"name_variant_overrides":{}}}