{
  "__comment": [
    "Mobs will be able to equip items declared here",
    "The first number is the weight while the second number is the quality",
    "Weight is the weight of an item. Higher weight means that the item is more likely to get choosen",
    "Quality is a modifier applied to the weight. The final weight used is weight + quality * current difficulty"
  ],
  "MAINHAND": {
    "minecraft:bow": [
      1108,
      0.0
    ],
    "minecraft:crossbow": [
      1000,
      0.0
    ],
    "minecraft:diamond_axe": [
      1101,
      -0.808
    ],
    "minecraft:diamond_sword": [
      789,
      1.688
    ],
    "minecraft:enchanted_book": [
      1100,
      0.0
    ],
    "minecraft:golden_axe": [
      1334,
      -2.672
    ],
    "minecraft:golden_sword": [
      1362,
      -2.896
    ],
    "minecraft:iron_axe": [
      1233,
      -1.864
    ],
    "minecraft:iron_sword": [
      1225,
      -1.8
    ],
    "minecraft:lingering_potion{Potion:\"minecraft:harming\"}": [
      1050,
      0.0
    ],
    "minecraft:netherite_axe": [
      1008,
      -0.064
    ],
    "minecraft:netherite_sword": [
      602,
      3.184
    ],
    "minecraft:snowball": [
      1400,
      0.0
    ],
    "minecraft:splash_potion{Potion:\"minecraft:harming\"}": [
      1050,
      0.0
    ],
    "minecraft:stone_axe": [
      1244,
      -1.952
    ],
    "minecraft:stone_sword": [
      1298,
      -2.384
    ],
    "minecraft:tnt": [
      800,
      0.0
    ],
    "minecraft:trident": [
      900,
      0.0
    ],
    "minecraft:wooden_axe": [
      1332,
      -2.656
    ],
    "minecraft:wooden_sword": [
      1354,
      -2.832
    ]
  },
  "OFFHAND": {
    "minecraft:ender_pearl": [
      1100,
      0.0
    ],
    "minecraft:flint_and_steel": [
      1200,
      0.0
    ],
    "minecraft:lava_bucket": [
      900,
      0.0
    ],
    "minecraft:shield": [
      1350,
      0.0
    ]
  },
  "FEET": {
    "minecraft:chainmail_boots": [
      1098,
      -0.784
    ],
    "minecraft:diamond_boots": [
      444,
      4.448
    ],
    "minecraft:golden_boots": [
      1201,
      -1.608
    ],
    "minecraft:iron_boots": [
      954,
      0.368
    ],
    "minecraft:leather_boots": [
      1356,
      -2.848
    ],
    "minecraft:netherite_boots": [
      361,
      5.112
    ],
    "pretaccraft:combat_armor_boots": [
      1,
      11.2
    ],
    "pretaccraft:heavy_armor_boots": [
      1,
      15.384
    ],
    "pretaccraft:o_old_armor_boots": [
      627,
      2.984
    ],
    "pretaccraft:operator_armor_boots": [
      891,
      0.872
    ],
    "pretaccraft:tactical_armor_boots": [
      1,
      9.136
    ]
  },
  "LEGS": {
    "minecraft:chainmail_leggings": [
      1098,
      -0.784
    ],
    "minecraft:diamond_leggings": [
      444,
      4.448
    ],
    "minecraft:golden_leggings": [
      1201,
      -1.608
    ],
    "minecraft:iron_leggings": [
      954,
      0.368
    ],
    "minecraft:leather_leggings": [
      1356,
      -2.848
    ],
    "minecraft:netherite_leggings": [
      361,
      5.112
    ],
    "pretaccraft:combat_armor_leggings": [
      1,
      11.2
    ],
    "pretaccraft:heavy_armor_leggings": [
      1,
      15.384
    ],
    "pretaccraft:o_old_armor_leggings": [
      627,
      2.984
    ],
    "pretaccraft:operator_armor_leggings": [
      891,
      0.872
    ],
    "pretaccraft:tactical_armor_leggings": [
      1,
      9.136
    ]
  },
  "CHEST": {
    "lesraisinsadd:bulletproof_vest": [
      1,
      64.392
    ],
    "minecraft:chainmail_chestplate": [
      1098,
      -0.784
    ],
    "minecraft:diamond_chestplate": [
      444,
      4.448
    ],
    "minecraft:golden_chestplate": [
      1201,
      -1.608
    ],
    "minecraft:iron_chestplate": [
      954,
      0.368
    ],
    "minecraft:leather_chestplate": [
      1356,
      -2.848
    ],
    "minecraft:netherite_chestplate": [
      361,
      5.112
    ],
    "pretaccraft:combat_armor_chestplate": [
      1,
      11.2
    ],
    "pretaccraft:heavy_armor_chestplate": [
      1,
      15.384
    ],
    "pretaccraft:o_old_armor_chestplate": [
      627,
      2.984
    ],
    "pretaccraft:operator_armor_chestplate": [
      891,
      0.872
    ],
    "pretaccraft:tactical_armor_chestplate": [
      1,
      9.136
    ]
  },
  "HEAD": {
    "minecraft:chainmail_helmet": [
      1098,
      -0.784
    ],
    "minecraft:diamond_helmet": [
      444,
      4.448
    ],
    "minecraft:golden_helmet": [
      1201,
      -1.608
    ],
    "minecraft:iron_helmet": [
      954,
      0.368
    ],
    "minecraft:leather_helmet": [
      1356,
      -2.848
    ],
    "minecraft:netherite_helmet": [
      361,
      5.112
    ],
    "minecraft:turtle_helmet": [
      865,
      1.08
    ],
    "pretaccraft:combat_armor_helmet": [
      1,
      11.2
    ],
    "pretaccraft:heavy_armor_helmet": [
      1,
      15.384
    ],
    "pretaccraft:o_old_armor_helmet": [
      627,
      2.984
    ],
    "pretaccraft:operator_armor_helmet": [
      891,
      0.872
    ],
    "pretaccraft:tactical_armor_helmet": [
      1,
      9.136
    ]
  }
}