{"entity_type":"examples:example_two","entity_data":{"min":0.95,"max":1.05,"median":1.0,"distribution_type":0,"scaleByBreeding":true,"scaleTruncationCoefficent":1.01,"useDifferentScalingValuesForEachAttribute":true,"useRealisticScalingValuesForEachAttribute":true,"invertRealisticScalingValuesForEachAttribute":false,"scale_Override":{"isModified":false,"doOverride":false,"min":0.95,"max":1.05,"median":1.0,"distribution_type":0},"attack_Damage_Overrides":{"isModified":false,"doOverride":false,"min":0.95,"max":1.05,"median":1.0,"distribution_type":0},"attack_Knockback_Overrides":{"isModified":false,"doOverride":false,"min":0.95,"max":1.05,"median":1.0,"distribution_type":0},"attack_speed_Overrides":{"isModified":false,"doOverride":false,"min":0.95,"max":1.05,"median":1.0,"distribution_type":0},"defense_Overrides":{"isModified":false,"doOverride":false,"min":0.95,"max":1.05,"median":1.0,"distribution_type":0},"speed_Overrides":{"isModified":false,"doOverride":false,"min":0.95,"max":1.05,"median":1.0,"distribution_type":0},"jump_Overrides":{"isModified":false,"doOverride":false,"min":0.95,"max":1.05,"median":1.0,"distribution_type":0},"health_Overrides":{"isModified":false,"doOverride":false,"min":0.95,"max":1.05,"median":1.0,"distribution_type":0},"dimensional_variant_overrides":{"minecraft:overworld":{"min":0.95,"max":1.35,"median":1.05,"distribution_type":1,"scaleByBreeding":true,"scaleTruncationCoefficent":1.01,"useDifferentScalingValuesForEachAttribute":true,"useRealisticScalingValuesForEachAttribute":true,"invertRealisticScalingValuesForEachAttribute":false,"scale_Override":{"isModified":false,"doOverride":false,"min":0.95,"max":1.05,"median":1.0,"distribution_type":0},"attack_Damage_Overrides":{"isModified":false,"doOverride":false,"min":0.95,"max":1.05,"median":1.0,"distribution_type":0},"attack_Knockback_Overrides":{"isModified":false,"doOverride":false,"min":0.95,"max":1.05,"median":1.0,"distribution_type":0},"attack_speed_Overrides":{"isModified":false,"doOverride":false,"min":0.95,"max":1.05,"median":1.0,"distribution_type":0},"defense_Overrides":{"isModified":false,"doOverride":false,"min":0.95,"max":1.05,"median":1.0,"distribution_type":0},"speed_Overrides":{"isModified":false,"doOverride":false,"min":0.95,"max":1.05,"median":1.0,"distribution_type":0},"jump_Overrides":{"isModified":false,"doOverride":false,"min":0.95,"max":1.05,"median":1.0,"distribution_type":0},"health_Overrides":{"isModified":false,"doOverride":false,"min":0.95,"max":1.05,"median":1.0,"distribution_type":0},"biome_variant_overrides":{"minecraft:forest":{"min":0.85,"max":1.35,"median":1.05,"distribution_type":1,"scaleByBreeding":true,"scaleTruncationCoefficent":1.01,"useDifferentScalingValuesForEachAttribute":true,"useRealisticScalingValuesForEachAttribute":true,"invertRealisticScalingValuesForEachAttribute":false,"scale_Override":{"isModified":false,"doOverride":false,"min":0.95,"max":1.05,"median":1.0,"distribution_type":0},"attack_Damage_Overrides":{"isModified":false,"doOverride":false,"min":0.95,"max":1.05,"median":1.0,"distribution_type":0},"attack_Knockback_Overrides":{"isModified":false,"doOverride":false,"min":0.95,"max":1.05,"median":1.0,"distribution_type":0},"attack_speed_Overrides":{"isModified":false,"doOverride":false,"min":0.95,"max":1.05,"median":1.0,"distribution_type":0},"defense_Overrides":{"isModified":false,"doOverride":false,"min":0.95,"max":1.05,"median":1.0,"distribution_type":0},"speed_Overrides":{"isModified":false,"doOverride":false,"min":0.95,"max":1.05,"median":1.0,"distribution_type":0},"jump_Overrides":{"isModified":false,"doOverride":false,"min":0.95,"max":1.05,"median":1.0,"distribution_type":0},"health_Overrides":{"isModified":false,"doOverride":false,"min":0.95,"max":1.05,"median":1.0,"distribution_type":0},"name_variant_overrides":{"Bob":{"min":0.9,"max":1.3,"median":1.0,"distribution_type":0,"scaleByBreeding":true,"scaleTruncationCoefficent":1.01,"useDifferentScalingValuesForEachAttribute":true,"useRealisticScalingValuesForEachAttribute":true,"invertRealisticScalingValuesForEachAttribute":false,"scale_Override":{"isModified":false,"doOverride":false,"min":0.95,"max":1.05,"median":1.0,"distribution_type":0},"attack_Damage_Overrides":{"isModified":false,"doOverride":false,"min":0.95,"max":1.05,"median":1.0,"distribution_type":0},"attack_Knockback_Overrides":{"isModified":false,"doOverride":false,"min":0.95,"max":1.05,"median":1.0,"distribution_type":0},"attack_speed_Overrides":{"isModified":false,"doOverride":false,"min":0.95,"max":1.05,"median":1.0,"distribution_type":0},"defense_Overrides":{"isModified":false,"doOverride":false,"min":0.95,"max":1.05,"median":1.0,"distribution_type":0},"speed_Overrides":{"isModified":false,"doOverride":false,"min":0.95,"max":1.05,"median":1.0,"distribution_type":0},"jump_Overrides":{"isModified":false,"doOverride":false,"min":0.95,"max":1.05,"median":1.0,"distribution_type":0},"health_Overrides":{"isModified":false,"doOverride":false,"min":0.95,"max":1.05,"median":1.0,"distribution_type":0}},"Tim":{"min":0.95,"max":1.35,"median":1.05,"distribution_type":1,"scaleByBreeding":true,"scaleTruncationCoefficent":1.01,"useDifferentScalingValuesForEachAttribute":true,"useRealisticScalingValuesForEachAttribute":true,"invertRealisticScalingValuesForEachAttribute":false,"scale_Override":{"isModified":false,"doOverride":false,"min":0.95,"max":1.05,"median":1.0,"distribution_type":0},"attack_Damage_Overrides":{"isModified":false,"doOverride":false,"min":0.95,"max":1.05,"median":1.0,"distribution_type":0},"attack_Knockback_Overrides":{"isModified":false,"doOverride":false,"min":0.95,"max":1.05,"median":1.0,"distribution_type":0},"attack_speed_Overrides":{"isModified":false,"doOverride":false,"min":0.95,"max":1.05,"median":1.0,"distribution_type":0},"defense_Overrides":{"isModified":false,"doOverride":false,"min":0.95,"max":1.05,"median":1.0,"distribution_type":0},"speed_Overrides":{"isModified":false,"doOverride":false,"min":0.95,"max":1.05,"median":1.0,"distribution_type":0},"jump_Overrides":{"isModified":false,"doOverride":false,"min":0.95,"max":1.05,"median":1.0,"distribution_type":0},"health_Overrides":{"isModified":false,"doOverride":false,"min":0.95,"max":1.05,"median":1.0,"distribution_type":0}}}},"minecraft:plains":{"min":0.8,"max":1.3,"median":1.0,"distribution_type":0,"scaleByBreeding":true,"scaleTruncationCoefficent":1.01,"useDifferentScalingValuesForEachAttribute":true,"useRealisticScalingValuesForEachAttribute":true,"invertRealisticScalingValuesForEachAttribute":false,"scale_Override":{"isModified":false,"doOverride":false,"min":0.95,"max":1.05,"median":1.0,"distribution_type":0},"attack_Damage_Overrides":{"isModified":false,"doOverride":false,"min":0.95,"max":1.05,"median":1.0,"distribution_type":0},"attack_Knockback_Overrides":{"isModified":false,"doOverride":false,"min":0.95,"max":1.05,"median":1.0,"distribution_type":0},"attack_speed_Overrides":{"isModified":false,"doOverride":false,"min":0.95,"max":1.05,"median":1.0,"distribution_type":0},"defense_Overrides":{"isModified":false,"doOverride":false,"min":0.95,"max":1.05,"median":1.0,"distribution_type":0},"speed_Overrides":{"isModified":false,"doOverride":false,"min":0.95,"max":1.05,"median":1.0,"distribution_type":0},"jump_Overrides":{"isModified":false,"doOverride":false,"min":0.95,"max":1.05,"median":1.0,"distribution_type":0},"health_Overrides":{"isModified":false,"doOverride":false,"min":0.95,"max":1.05,"median":1.0,"distribution_type":0},"name_variant_overrides":{"Bob":{"min":0.9,"max":1.3,"median":1.0,"distribution_type":0,"scaleByBreeding":true,"scaleTruncationCoefficent":1.01,"useDifferentScalingValuesForEachAttribute":true,"useRealisticScalingValuesForEachAttribute":true,"invertRealisticScalingValuesForEachAttribute":false,"scale_Override":{"isModified":false,"doOverride":false,"min":0.95,"max":1.05,"median":1.0,"distribution_type":0},"attack_Damage_Overrides":{"isModified":false,"doOverride":false,"min":0.95,"max":1.05,"median":1.0,"distribution_type":0},"attack_Knockback_Overrides":{"isModified":false,"doOverride":false,"min":0.95,"max":1.05,"median":1.0,"distribution_type":0},"attack_speed_Overrides":{"isModified":false,"doOverride":false,"min":0.95,"max":1.05,"median":1.0,"distribution_type":0},"defense_Overrides":{"isModified":false,"doOverride":false,"min":0.95,"max":1.05,"median":1.0,"distribution_type":0},"speed_Overrides":{"isModified":false,"doOverride":false,"min":0.95,"max":1.05,"median":1.0,"distribution_type":0},"jump_Overrides":{"isModified":false,"doOverride":false,"min":0.95,"max":1.05,"median":1.0,"distribution_type":0},"health_Overrides":{"isModified":false,"doOverride":false,"min":0.95,"max":1.05,"median":1.0,"distribution_type":0}},"Tim":{"min":0.95,"max":1.35,"median":1.05,"distribution_type":1,"scaleByBreeding":true,"scaleTruncationCoefficent":1.01,"useDifferentScalingValuesForEachAttribute":true,"useRealisticScalingValuesForEachAttribute":true,"invertRealisticScalingValuesForEachAttribute":false,"scale_Override":{"isModified":false,"doOverride":false,"min":0.95,"max":1.05,"median":1.0,"distribution_type":0},"attack_Damage_Overrides":{"isModified":false,"doOverride":false,"min":0.95,"max":1.05,"median":1.0,"distribution_type":0},"attack_Knockback_Overrides":{"isModified":false,"doOverride":false,"min":0.95,"max":1.05,"median":1.0,"distribution_type":0},"attack_speed_Overrides":{"isModified":false,"doOverride":false,"min":0.95,"max":1.05,"median":1.0,"distribution_type":0},"defense_Overrides":{"isModified":false,"doOverride":false,"min":0.95,"max":1.05,"median":1.0,"distribution_type":0},"speed_Overrides":{"isModified":false,"doOverride":false,"min":0.95,"max":1.05,"median":1.0,"distribution_type":0},"jump_Overrides":{"isModified":false,"doOverride":false,"min":0.95,"max":1.05,"median":1.0,"distribution_type":0},"health_Overrides":{"isModified":false,"doOverride":false,"min":0.95,"max":1.05,"median":1.0,"distribution_type":0}}}}},"name_variant_overrides":{"Joe":{"min":0.5,"max":1.3,"median":1.0,"distribution_type":0,"scaleByBreeding":true,"scaleTruncationCoefficent":1.01,"useDifferentScalingValuesForEachAttribute":true,"useRealisticScalingValuesForEachAttribute":true,"invertRealisticScalingValuesForEachAttribute":false,"scale_Override":{"isModified":false,"doOverride":false,"min":0.95,"max":1.05,"median":1.0,"distribution_type":0},"attack_Damage_Overrides":{"isModified":false,"doOverride":false,"min":0.95,"max":1.05,"median":1.0,"distribution_type":0},"attack_Knockback_Overrides":{"isModified":false,"doOverride":false,"min":0.95,"max":1.05,"median":1.0,"distribution_type":0},"attack_speed_Overrides":{"isModified":false,"doOverride":false,"min":0.95,"max":1.05,"median":1.0,"distribution_type":0},"defense_Overrides":{"isModified":false,"doOverride":false,"min":0.95,"max":1.05,"median":1.0,"distribution_type":0},"speed_Overrides":{"isModified":false,"doOverride":false,"min":0.95,"max":1.05,"median":1.0,"distribution_type":0},"jump_Overrides":{"isModified":false,"doOverride":false,"min":0.95,"max":1.05,"median":1.0,"distribution_type":0},"health_Overrides":{"isModified":false,"doOverride":false,"min":0.95,"max":1.05,"median":1.0,"distribution_type":0}},"Ed":{"min":0.55,"max":1.35,"median":1.05,"distribution_type":1,"scaleByBreeding":true,"scaleTruncationCoefficent":1.01,"useDifferentScalingValuesForEachAttribute":true,"useRealisticScalingValuesForEachAttribute":true,"invertRealisticScalingValuesForEachAttribute":false,"scale_Override":{"isModified":false,"doOverride":false,"min":0.95,"max":1.05,"median":1.0,"distribution_type":0},"attack_Damage_Overrides":{"isModified":false,"doOverride":false,"min":0.95,"max":1.05,"median":1.0,"distribution_type":0},"attack_Knockback_Overrides":{"isModified":false,"doOverride":false,"min":0.95,"max":1.05,"median":1.0,"distribution_type":0},"attack_speed_Overrides":{"isModified":false,"doOverride":false,"min":0.95,"max":1.05,"median":1.0,"distribution_type":0},"defense_Overrides":{"isModified":false,"doOverride":false,"min":0.95,"max":1.05,"median":1.0,"distribution_type":0},"speed_Overrides":{"isModified":false,"doOverride":false,"min":0.95,"max":1.05,"median":1.0,"distribution_type":0},"jump_Overrides":{"isModified":false,"doOverride":false,"min":0.95,"max":1.05,"median":1.0,"distribution_type":0},"health_Overrides":{"isModified":false,"doOverride":false,"min":0.95,"max":1.05,"median":1.0,"distribution_type":0}}}},"minecraft:end":{"min":0.9,"max":1.3,"median":1.0,"distribution_type":0,"scaleByBreeding":true,"scaleTruncationCoefficent":1.01,"useDifferentScalingValuesForEachAttribute":true,"useRealisticScalingValuesForEachAttribute":true,"invertRealisticScalingValuesForEachAttribute":false,"scale_Override":{"isModified":false,"doOverride":false,"min":0.95,"max":1.05,"median":1.0,"distribution_type":0},"attack_Damage_Overrides":{"isModified":false,"doOverride":false,"min":0.95,"max":1.05,"median":1.0,"distribution_type":0},"attack_Knockback_Overrides":{"isModified":false,"doOverride":false,"min":0.95,"max":1.05,"median":1.0,"distribution_type":0},"attack_speed_Overrides":{"isModified":false,"doOverride":false,"min":0.95,"max":1.05,"median":1.0,"distribution_type":0},"defense_Overrides":{"isModified":false,"doOverride":false,"min":0.95,"max":1.05,"median":1.0,"distribution_type":0},"speed_Overrides":{"isModified":false,"doOverride":false,"min":0.95,"max":1.05,"median":1.0,"distribution_type":0},"jump_Overrides":{"isModified":false,"doOverride":false,"min":0.95,"max":1.05,"median":1.0,"distribution_type":0},"health_Overrides":{"isModified":false,"doOverride":false,"min":0.95,"max":1.05,"median":1.0,"distribution_type":0},"biome_variant_overrides":{"minecraft:forest":{"min":0.85,"max":1.35,"median":1.05,"distribution_type":1,"scaleByBreeding":true,"scaleTruncationCoefficent":1.01,"useDifferentScalingValuesForEachAttribute":true,"useRealisticScalingValuesForEachAttribute":true,"invertRealisticScalingValuesForEachAttribute":false,"scale_Override":{"isModified":false,"doOverride":false,"min":0.95,"max":1.05,"median":1.0,"distribution_type":0},"attack_Damage_Overrides":{"isModified":false,"doOverride":false,"min":0.95,"max":1.05,"median":1.0,"distribution_type":0},"attack_Knockback_Overrides":{"isModified":false,"doOverride":false,"min":0.95,"max":1.05,"median":1.0,"distribution_type":0},"attack_speed_Overrides":{"isModified":false,"doOverride":false,"min":0.95,"max":1.05,"median":1.0,"distribution_type":0},"defense_Overrides":{"isModified":false,"doOverride":false,"min":0.95,"max":1.05,"median":1.0,"distribution_type":0},"speed_Overrides":{"isModified":false,"doOverride":false,"min":0.95,"max":1.05,"median":1.0,"distribution_type":0},"jump_Overrides":{"isModified":false,"doOverride":false,"min":0.95,"max":1.05,"median":1.0,"distribution_type":0},"health_Overrides":{"isModified":false,"doOverride":false,"min":0.95,"max":1.05,"median":1.0,"distribution_type":0},"name_variant_overrides":{"Bob":{"min":0.9,"max":1.3,"median":1.0,"distribution_type":0,"scaleByBreeding":true,"scaleTruncationCoefficent":1.01,"useDifferentScalingValuesForEachAttribute":true,"useRealisticScalingValuesForEachAttribute":true,"invertRealisticScalingValuesForEachAttribute":false,"scale_Override":{"isModified":false,"doOverride":false,"min":0.95,"max":1.05,"median":1.0,"distribution_type":0},"attack_Damage_Overrides":{"isModified":false,"doOverride":false,"min":0.95,"max":1.05,"median":1.0,"distribution_type":0},"attack_Knockback_Overrides":{"isModified":false,"doOverride":false,"min":0.95,"max":1.05,"median":1.0,"distribution_type":0},"attack_speed_Overrides":{"isModified":false,"doOverride":false,"min":0.95,"max":1.05,"median":1.0,"distribution_type":0},"defense_Overrides":{"isModified":false,"doOverride":false,"min":0.95,"max":1.05,"median":1.0,"distribution_type":0},"speed_Overrides":{"isModified":false,"doOverride":false,"min":0.95,"max":1.05,"median":1.0,"distribution_type":0},"jump_Overrides":{"isModified":false,"doOverride":false,"min":0.95,"max":1.05,"median":1.0,"distribution_type":0},"health_Overrides":{"isModified":false,"doOverride":false,"min":0.95,"max":1.05,"median":1.0,"distribution_type":0}},"Tim":{"min":0.95,"max":1.35,"median":1.05,"distribution_type":1,"scaleByBreeding":true,"scaleTruncationCoefficent":1.01,"useDifferentScalingValuesForEachAttribute":true,"useRealisticScalingValuesForEachAttribute":true,"invertRealisticScalingValuesForEachAttribute":false,"scale_Override":{"isModified":false,"doOverride":false,"min":0.95,"max":1.05,"median":1.0,"distribution_type":0},"attack_Damage_Overrides":{"isModified":false,"doOverride":false,"min":0.95,"max":1.05,"median":1.0,"distribution_type":0},"attack_Knockback_Overrides":{"isModified":false,"doOverride":false,"min":0.95,"max":1.05,"median":1.0,"distribution_type":0},"attack_speed_Overrides":{"isModified":false,"doOverride":false,"min":0.95,"max":1.05,"median":1.0,"distribution_type":0},"defense_Overrides":{"isModified":false,"doOverride":false,"min":0.95,"max":1.05,"median":1.0,"distribution_type":0},"speed_Overrides":{"isModified":false,"doOverride":false,"min":0.95,"max":1.05,"median":1.0,"distribution_type":0},"jump_Overrides":{"isModified":false,"doOverride":false,"min":0.95,"max":1.05,"median":1.0,"distribution_type":0},"health_Overrides":{"isModified":false,"doOverride":false,"min":0.95,"max":1.05,"median":1.0,"distribution_type":0}}}},"minecraft:plains":{"min":0.8,"max":1.3,"median":1.0,"distribution_type":0,"scaleByBreeding":true,"scaleTruncationCoefficent":1.01,"useDifferentScalingValuesForEachAttribute":true,"useRealisticScalingValuesForEachAttribute":true,"invertRealisticScalingValuesForEachAttribute":false,"scale_Override":{"isModified":false,"doOverride":false,"min":0.95,"max":1.05,"median":1.0,"distribution_type":0},"attack_Damage_Overrides":{"isModified":false,"doOverride":false,"min":0.95,"max":1.05,"median":1.0,"distribution_type":0},"attack_Knockback_Overrides":{"isModified":false,"doOverride":false,"min":0.95,"max":1.05,"median":1.0,"distribution_type":0},"attack_speed_Overrides":{"isModified":false,"doOverride":false,"min":0.95,"max":1.05,"median":1.0,"distribution_type":0},"defense_Overrides":{"isModified":false,"doOverride":false,"min":0.95,"max":1.05,"median":1.0,"distribution_type":0},"speed_Overrides":{"isModified":false,"doOverride":false,"min":0.95,"max":1.05,"median":1.0,"distribution_type":0},"jump_Overrides":{"isModified":false,"doOverride":false,"min":0.95,"max":1.05,"median":1.0,"distribution_type":0},"health_Overrides":{"isModified":false,"doOverride":false,"min":0.95,"max":1.05,"median":1.0,"distribution_type":0},"name_variant_overrides":{"Bob":{"min":0.9,"max":1.3,"median":1.0,"distribution_type":0,"scaleByBreeding":true,"scaleTruncationCoefficent":1.01,"useDifferentScalingValuesForEachAttribute":true,"useRealisticScalingValuesForEachAttribute":true,"invertRealisticScalingValuesForEachAttribute":false,"scale_Override":{"isModified":false,"doOverride":false,"min":0.95,"max":1.05,"median":1.0,"distribution_type":0},"attack_Damage_Overrides":{"isModified":false,"doOverride":false,"min":0.95,"max":1.05,"median":1.0,"distribution_type":0},"attack_Knockback_Overrides":{"isModified":false,"doOverride":false,"min":0.95,"max":1.05,"median":1.0,"distribution_type":0},"attack_speed_Overrides":{"isModified":false,"doOverride":false,"min":0.95,"max":1.05,"median":1.0,"distribution_type":0},"defense_Overrides":{"isModified":false,"doOverride":false,"min":0.95,"max":1.05,"median":1.0,"distribution_type":0},"speed_Overrides":{"isModified":false,"doOverride":false,"min":0.95,"max":1.05,"median":1.0,"distribution_type":0},"jump_Overrides":{"isModified":false,"doOverride":false,"min":0.95,"max":1.05,"median":1.0,"distribution_type":0},"health_Overrides":{"isModified":false,"doOverride":false,"min":0.95,"max":1.05,"median":1.0,"distribution_type":0}},"Tim":{"min":0.95,"max":1.35,"median":1.05,"distribution_type":1,"scaleByBreeding":true,"scaleTruncationCoefficent":1.01,"useDifferentScalingValuesForEachAttribute":true,"useRealisticScalingValuesForEachAttribute":true,"invertRealisticScalingValuesForEachAttribute":false,"scale_Override":{"isModified":false,"doOverride":false,"min":0.95,"max":1.05,"median":1.0,"distribution_type":0},"attack_Damage_Overrides":{"isModified":false,"doOverride":false,"min":0.95,"max":1.05,"median":1.0,"distribution_type":0},"attack_Knockback_Overrides":{"isModified":false,"doOverride":false,"min":0.95,"max":1.05,"median":1.0,"distribution_type":0},"attack_speed_Overrides":{"isModified":false,"doOverride":false,"min":0.95,"max":1.05,"median":1.0,"distribution_type":0},"defense_Overrides":{"isModified":false,"doOverride":false,"min":0.95,"max":1.05,"median":1.0,"distribution_type":0},"speed_Overrides":{"isModified":false,"doOverride":false,"min":0.95,"max":1.05,"median":1.0,"distribution_type":0},"jump_Overrides":{"isModified":false,"doOverride":false,"min":0.95,"max":1.05,"median":1.0,"distribution_type":0},"health_Overrides":{"isModified":false,"doOverride":false,"min":0.95,"max":1.05,"median":1.0,"distribution_type":0}}}}},"name_variant_overrides":{"Joe":{"min":0.5,"max":1.3,"median":1.0,"distribution_type":0,"scaleByBreeding":true,"scaleTruncationCoefficent":1.01,"useDifferentScalingValuesForEachAttribute":true,"useRealisticScalingValuesForEachAttribute":true,"invertRealisticScalingValuesForEachAttribute":false,"scale_Override":{"isModified":false,"doOverride":false,"min":0.95,"max":1.05,"median":1.0,"distribution_type":0},"attack_Damage_Overrides":{"isModified":false,"doOverride":false,"min":0.95,"max":1.05,"median":1.0,"distribution_type":0},"attack_Knockback_Overrides":{"isModified":false,"doOverride":false,"min":0.95,"max":1.05,"median":1.0,"distribution_type":0},"attack_speed_Overrides":{"isModified":false,"doOverride":false,"min":0.95,"max":1.05,"median":1.0,"distribution_type":0},"defense_Overrides":{"isModified":false,"doOverride":false,"min":0.95,"max":1.05,"median":1.0,"distribution_type":0},"speed_Overrides":{"isModified":false,"doOverride":false,"min":0.95,"max":1.05,"median":1.0,"distribution_type":0},"jump_Overrides":{"isModified":false,"doOverride":false,"min":0.95,"max":1.05,"median":1.0,"distribution_type":0},"health_Overrides":{"isModified":false,"doOverride":false,"min":0.95,"max":1.05,"median":1.0,"distribution_type":0}},"Ed":{"min":0.55,"max":1.35,"median":1.05,"distribution_type":1,"scaleByBreeding":true,"scaleTruncationCoefficent":1.01,"useDifferentScalingValuesForEachAttribute":true,"useRealisticScalingValuesForEachAttribute":true,"invertRealisticScalingValuesForEachAttribute":false,"scale_Override":{"isModified":false,"doOverride":false,"min":0.95,"max":1.05,"median":1.0,"distribution_type":0},"attack_Damage_Overrides":{"isModified":false,"doOverride":false,"min":0.95,"max":1.05,"median":1.0,"distribution_type":0},"attack_Knockback_Overrides":{"isModified":false,"doOverride":false,"min":0.95,"max":1.05,"median":1.0,"distribution_type":0},"attack_speed_Overrides":{"isModified":false,"doOverride":false,"min":0.95,"max":1.05,"median":1.0,"distribution_type":0},"defense_Overrides":{"isModified":false,"doOverride":false,"min":0.95,"max":1.05,"median":1.0,"distribution_type":0},"speed_Overrides":{"isModified":false,"doOverride":false,"min":0.95,"max":1.05,"median":1.0,"distribution_type":0},"jump_Overrides":{"isModified":false,"doOverride":false,"min":0.95,"max":1.05,"median":1.0,"distribution_type":0},"health_Overrides":{"isModified":false,"doOverride":false,"min":0.95,"max":1.05,"median":1.0,"distribution_type":0}}}}},"biome_variant_overrides":{"minecraft:forest":{"min":0.85,"max":1.35,"median":1.05,"distribution_type":1,"scaleByBreeding":true,"scaleTruncationCoefficent":1.01,"useDifferentScalingValuesForEachAttribute":true,"useRealisticScalingValuesForEachAttribute":true,"invertRealisticScalingValuesForEachAttribute":false,"scale_Override":{"isModified":false,"doOverride":false,"min":0.95,"max":1.05,"median":1.0,"distribution_type":0},"attack_Damage_Overrides":{"isModified":false,"doOverride":false,"min":0.95,"max":1.05,"median":1.0,"distribution_type":0},"attack_Knockback_Overrides":{"isModified":false,"doOverride":false,"min":0.95,"max":1.05,"median":1.0,"distribution_type":0},"attack_speed_Overrides":{"isModified":false,"doOverride":false,"min":0.95,"max":1.05,"median":1.0,"distribution_type":0},"defense_Overrides":{"isModified":false,"doOverride":false,"min":0.95,"max":1.05,"median":1.0,"distribution_type":0},"speed_Overrides":{"isModified":false,"doOverride":false,"min":0.95,"max":1.05,"median":1.0,"distribution_type":0},"jump_Overrides":{"isModified":false,"doOverride":false,"min":0.95,"max":1.05,"median":1.0,"distribution_type":0},"health_Overrides":{"isModified":false,"doOverride":false,"min":0.95,"max":1.05,"median":1.0,"distribution_type":0},"name_variant_overrides":{"Bob":{"min":0.9,"max":1.3,"median":1.0,"distribution_type":0,"scaleByBreeding":true,"scaleTruncationCoefficent":1.01,"useDifferentScalingValuesForEachAttribute":true,"useRealisticScalingValuesForEachAttribute":true,"invertRealisticScalingValuesForEachAttribute":false,"scale_Override":{"isModified":false,"doOverride":false,"min":0.95,"max":1.05,"median":1.0,"distribution_type":0},"attack_Damage_Overrides":{"isModified":false,"doOverride":false,"min":0.95,"max":1.05,"median":1.0,"distribution_type":0},"attack_Knockback_Overrides":{"isModified":false,"doOverride":false,"min":0.95,"max":1.05,"median":1.0,"distribution_type":0},"attack_speed_Overrides":{"isModified":false,"doOverride":false,"min":0.95,"max":1.05,"median":1.0,"distribution_type":0},"defense_Overrides":{"isModified":false,"doOverride":false,"min":0.95,"max":1.05,"median":1.0,"distribution_type":0},"speed_Overrides":{"isModified":false,"doOverride":false,"min":0.95,"max":1.05,"median":1.0,"distribution_type":0},"jump_Overrides":{"isModified":false,"doOverride":false,"min":0.95,"max":1.05,"median":1.0,"distribution_type":0},"health_Overrides":{"isModified":false,"doOverride":false,"min":0.95,"max":1.05,"median":1.0,"distribution_type":0}},"Tim":{"min":0.95,"max":1.35,"median":1.05,"distribution_type":1,"scaleByBreeding":true,"scaleTruncationCoefficent":1.01,"useDifferentScalingValuesForEachAttribute":true,"useRealisticScalingValuesForEachAttribute":true,"invertRealisticScalingValuesForEachAttribute":false,"scale_Override":{"isModified":false,"doOverride":false,"min":0.95,"max":1.05,"median":1.0,"distribution_type":0},"attack_Damage_Overrides":{"isModified":false,"doOverride":false,"min":0.95,"max":1.05,"median":1.0,"distribution_type":0},"attack_Knockback_Overrides":{"isModified":false,"doOverride":false,"min":0.95,"max":1.05,"median":1.0,"distribution_type":0},"attack_speed_Overrides":{"isModified":false,"doOverride":false,"min":0.95,"max":1.05,"median":1.0,"distribution_type":0},"defense_Overrides":{"isModified":false,"doOverride":false,"min":0.95,"max":1.05,"median":1.0,"distribution_type":0},"speed_Overrides":{"isModified":false,"doOverride":false,"min":0.95,"max":1.05,"median":1.0,"distribution_type":0},"jump_Overrides":{"isModified":false,"doOverride":false,"min":0.95,"max":1.05,"median":1.0,"distribution_type":0},"health_Overrides":{"isModified":false,"doOverride":false,"min":0.95,"max":1.05,"median":1.0,"distribution_type":0}}}},"minecraft:plains":{"min":0.8,"max":1.3,"median":1.0,"distribution_type":0,"scaleByBreeding":true,"scaleTruncationCoefficent":1.01,"useDifferentScalingValuesForEachAttribute":true,"useRealisticScalingValuesForEachAttribute":true,"invertRealisticScalingValuesForEachAttribute":false,"scale_Override":{"isModified":false,"doOverride":false,"min":0.95,"max":1.05,"median":1.0,"distribution_type":0},"attack_Damage_Overrides":{"isModified":false,"doOverride":false,"min":0.95,"max":1.05,"median":1.0,"distribution_type":0},"attack_Knockback_Overrides":{"isModified":false,"doOverride":false,"min":0.95,"max":1.05,"median":1.0,"distribution_type":0},"attack_speed_Overrides":{"isModified":false,"doOverride":false,"min":0.95,"max":1.05,"median":1.0,"distribution_type":0},"defense_Overrides":{"isModified":false,"doOverride":false,"min":0.95,"max":1.05,"median":1.0,"distribution_type":0},"speed_Overrides":{"isModified":false,"doOverride":false,"min":0.95,"max":1.05,"median":1.0,"distribution_type":0},"jump_Overrides":{"isModified":false,"doOverride":false,"min":0.95,"max":1.05,"median":1.0,"distribution_type":0},"health_Overrides":{"isModified":false,"doOverride":false,"min":0.95,"max":1.05,"median":1.0,"distribution_type":0},"name_variant_overrides":{"Bob":{"min":0.9,"max":1.3,"median":1.0,"distribution_type":0,"scaleByBreeding":true,"scaleTruncationCoefficent":1.01,"useDifferentScalingValuesForEachAttribute":true,"useRealisticScalingValuesForEachAttribute":true,"invertRealisticScalingValuesForEachAttribute":false,"scale_Override":{"isModified":false,"doOverride":false,"min":0.95,"max":1.05,"median":1.0,"distribution_type":0},"attack_Damage_Overrides":{"isModified":false,"doOverride":false,"min":0.95,"max":1.05,"median":1.0,"distribution_type":0},"attack_Knockback_Overrides":{"isModified":false,"doOverride":false,"min":0.95,"max":1.05,"median":1.0,"distribution_type":0},"attack_speed_Overrides":{"isModified":false,"doOverride":false,"min":0.95,"max":1.05,"median":1.0,"distribution_type":0},"defense_Overrides":{"isModified":false,"doOverride":false,"min":0.95,"max":1.05,"median":1.0,"distribution_type":0},"speed_Overrides":{"isModified":false,"doOverride":false,"min":0.95,"max":1.05,"median":1.0,"distribution_type":0},"jump_Overrides":{"isModified":false,"doOverride":false,"min":0.95,"max":1.05,"median":1.0,"distribution_type":0},"health_Overrides":{"isModified":false,"doOverride":false,"min":0.95,"max":1.05,"median":1.0,"distribution_type":0}},"Tim":{"min":0.95,"max":1.35,"median":1.05,"distribution_type":1,"scaleByBreeding":true,"scaleTruncationCoefficent":1.01,"useDifferentScalingValuesForEachAttribute":true,"useRealisticScalingValuesForEachAttribute":true,"invertRealisticScalingValuesForEachAttribute":false,"scale_Override":{"isModified":false,"doOverride":false,"min":0.95,"max":1.05,"median":1.0,"distribution_type":0},"attack_Damage_Overrides":{"isModified":false,"doOverride":false,"min":0.95,"max":1.05,"median":1.0,"distribution_type":0},"attack_Knockback_Overrides":{"isModified":false,"doOverride":false,"min":0.95,"max":1.05,"median":1.0,"distribution_type":0},"attack_speed_Overrides":{"isModified":false,"doOverride":false,"min":0.95,"max":1.05,"median":1.0,"distribution_type":0},"defense_Overrides":{"isModified":false,"doOverride":false,"min":0.95,"max":1.05,"median":1.0,"distribution_type":0},"speed_Overrides":{"isModified":false,"doOverride":false,"min":0.95,"max":1.05,"median":1.0,"distribution_type":0},"jump_Overrides":{"isModified":false,"doOverride":false,"min":0.95,"max":1.05,"median":1.0,"distribution_type":0},"health_Overrides":{"isModified":false,"doOverride":false,"min":0.95,"max":1.05,"median":1.0,"distribution_type":0}}}}},"name_variant_overrides":{"Bob":{"min":0.9,"max":1.3,"median":1.0,"distribution_type":0,"scaleByBreeding":true,"scaleTruncationCoefficent":1.01,"useDifferentScalingValuesForEachAttribute":true,"useRealisticScalingValuesForEachAttribute":true,"invertRealisticScalingValuesForEachAttribute":false,"scale_Override":{"isModified":false,"doOverride":false,"min":0.95,"max":1.05,"median":1.0,"distribution_type":0},"attack_Damage_Overrides":{"isModified":false,"doOverride":false,"min":0.95,"max":1.05,"median":1.0,"distribution_type":0},"attack_Knockback_Overrides":{"isModified":false,"doOverride":false,"min":0.95,"max":1.05,"median":1.0,"distribution_type":0},"attack_speed_Overrides":{"isModified":false,"doOverride":false,"min":0.95,"max":1.05,"median":1.0,"distribution_type":0},"defense_Overrides":{"isModified":false,"doOverride":false,"min":0.95,"max":1.05,"median":1.0,"distribution_type":0},"speed_Overrides":{"isModified":false,"doOverride":false,"min":0.95,"max":1.05,"median":1.0,"distribution_type":0},"jump_Overrides":{"isModified":false,"doOverride":false,"min":0.95,"max":1.05,"median":1.0,"distribution_type":0},"health_Overrides":{"isModified":false,"doOverride":false,"min":0.95,"max":1.05,"median":1.0,"distribution_type":0}},"Tim":{"min":0.95,"max":1.35,"median":1.05,"distribution_type":1,"scaleByBreeding":true,"scaleTruncationCoefficent":1.01,"useDifferentScalingValuesForEachAttribute":true,"useRealisticScalingValuesForEachAttribute":true,"invertRealisticScalingValuesForEachAttribute":false,"scale_Override":{"isModified":false,"doOverride":false,"min":0.95,"max":1.05,"median":1.0,"distribution_type":0},"attack_Damage_Overrides":{"isModified":false,"doOverride":false,"min":0.95,"max":1.05,"median":1.0,"distribution_type":0},"attack_Knockback_Overrides":{"isModified":false,"doOverride":false,"min":0.95,"max":1.05,"median":1.0,"distribution_type":0},"attack_speed_Overrides":{"isModified":false,"doOverride":false,"min":0.95,"max":1.05,"median":1.0,"distribution_type":0},"defense_Overrides":{"isModified":false,"doOverride":false,"min":0.95,"max":1.05,"median":1.0,"distribution_type":0},"speed_Overrides":{"isModified":false,"doOverride":false,"min":0.95,"max":1.05,"median":1.0,"distribution_type":0},"jump_Overrides":{"isModified":false,"doOverride":false,"min":0.95,"max":1.05,"median":1.0,"distribution_type":0},"health_Overrides":{"isModified":false,"doOverride":false,"min":0.95,"max":1.05,"median":1.0,"distribution_type":0}}}}}